"PROJECT_CODE","Year","n","A","bigN","LM_CBar","LM_varC","LM_varCBar","LM_P","LM_VarP","LM_P_CI","TM_CBar","TM_varC","TM_varCBar","TM_P","TM_VarP","TM_P_CI","MT1_CBar","MT1_varC","MT1_varCBar","MT1_P","MT1_VarP","MT1_P_CI","MT2_CBar","MT2_varC","MT2_varCBar","MT2_P","MT2_VarP","MT2_P_CI","MT3_CBar","MT3_varC","MT3_varCBar","MT3_P","MT3_VarP","MT3_P_CI","MT4_CBar","MT4_varC","MT4_varCBar","MT4_P","MT4_VarP","MT4_P_CI","MT5_CBar","MT5_varC","MT5_varCBar","MT5_P","MT5_VarP","MT5_P_CI","MT6_CBar","MT6_varC","MT6_varCBar","MT6_P","MT6_VarP","MT6_P_CI","MT7_CBar","MT7_varC","MT7_varCBar","MT7_P","MT7_VarP","MT7_P_CI","MT8_CBar","MT8_varC","MT8_varCBar","MT8_P","MT8_VarP","MT8_P_CI","MT9_CBar","MT9_varC","MT9_varCBar","MT9_P","MT9_VarP","MT9_P_CI","MT10_CBar","MT10_varC","MT10_varCBar","MT10_P","MT10_VarP","MT10_P_CI","MM_CBar","MM_varC","MM_varCBar","MM_P","MM_VarP","MM_P_CI","TF_CBar","TF_varC","TF_varCBar","TF_P","TF_VarP","TF_P_CI","FT11_CBar","FT11_varC","FT11_varCBar","FT11_P","FT11_VarP","FT11_P_CI","FT12_CBar","FT12_varC","FT12_varCBar","FT12_P","FT12_VarP","FT12_P_CI","FT13_CBar","FT13_varC","FT13_varCBar","FT13_P","FT13_VarP","FT13_P_CI","MF_CBar","MF_varC","MF_varCBar","MF_P","MF_VarP","MF_P_CI"
"T04","1990",14,81.231001,12339.229851,31.479236,3213.248289,229.257325,388421.955760,34904577066.6602,403616.634639,220.004540,25899.192035,1847.843357,2714633.615850,281335353762.509,1145882.329545,11.768150,159.736643,11.396814,145207.078853,1735172474.48489,89991.023606,14.020500,1318.967581,94.105077,172998.805912,14327559352.4162,258591.339014,0.995263,2.402333,0.171400,12280.545165,26095851.505764,11036.048568,4.695321,192.044493,13.701900,57935.525828,2086123208.78438,98672.889081,36.625476,1478.763198,105.506100,451921.347953,16063372439.6573,273808.061982,3.304277,12.082530,0.862058,40771.439537,131249002.367809,24750.038131,48.915958,2206.657498,157.439560,603573.476452,23970275481.5798,334475.552277,0.840981,1.283194,0.091552,10376.864148,13938966.738459,8065.720302,58.586185,4216.314732,300.823638,722894.299790,45800594676.9060,462342.083046,40.252425,2050.284165,146.282709,496674.232208,22271637671.4846,322406.614480,71.408989,8723.991843,622.435261,881114.743250,94766173712.4038,665050.370609,115.397971,7037.046362,502.075870,1423894.307776,76441377987.6906,597299.457862,79.920033,3742.081757,266.988287,986132.422172,40649140465.6381,435565.577377,11.893083,306.018968,21.833697,146748.625328,3324194620.21463,124557.845638,23.584854,3990.473736,284.710441,291013.260274,43347349942.2559,449789.323800,35.477937,4381.311089,312.595720,437761.885603,47592901878.1755,471301.649547
"T04","1991",15,81.231001,12339.229851,40.506925,1101.138439,73.319990,499814.516300,11163016269.5269,226607.814840,220.626484,16594.112335,1104.929330,2722307.771073,168226209623.774,879692.590459,21.251408,597.871271,39.809631,262220.893076,6061042358.32198,166977.426637,14.003572,464.937089,30.958126,172789.922934,4713394887.66935,147248.546763,3.464641,12.780970,0.851028,42750.175982,129569700.226364,24413.825218,1.787303,10.017297,0.667008,22053.524306,101552407.970016,21613.704867,59.870444,1802.184826,119.999601,738740.755142,18270017479.4575,289903.584714,8.867659,141.681844,9.433974,109417.951525,1436328695.96928,81285.114662,62.392961,2367.785748,157.660492,769866.067522,24003912569.5962,332296.006667,2.669140,14.375085,0.957174,32934.497187,145730371.059083,25891.614932,22.501031,853.372909,56.822367,277639.984034,8651242505.20369,199491.018260,23.818320,1946.601161,129.615653,293893.999359,19734067630.2395,301295.336895,109.245029,4293.347362,285.875214,1347973.222969,43524687479.4194,447457.647298,108.173081,25602.456778,1704.755568,1334746.473162,259550144872.840,1092684.397758,39.370698,2640.472747,175.817526,485794.614350,26768332819.3886,350909.209096,29.537298,1165.196040,77.585305,364460.397566,11812413309.3430,233105.983415,39.265085,9517.627282,633.737154,484491.461245,96486894265.3577,666220.923059,68.802383,14669.273030,976.762703,848951.858811,148712757265.118,827100.373698
"T04","1992",15,81.231001,12339.229851,85.570631,11561.770002,769.847674,1055855.079308,117209809404.354,734287.413469,224.942681,25819.273863,1719.192470,2775565.278736,261748172450.412,1097301.399590,68.233718,8710.209546,579.974740,841935.105845,88301531732.9559,637335.665904,10.863459,593.142071,39.494735,134044.109419,6013099131.43007,166315.714511,4.413373,29.908678,1.991488,54456.567605,303205350.040840,37346.725893,2.060079,28.383664,1.889944,25419.296437,287745206.326820,36382.132629,56.682218,3098.590407,206.321576,699401.278880,31412594349.5884,380133.379894,16.456644,1017.699521,67.764158,203058.350185,10317137159.7031,217853.080934,34.085641,1155.267310,76.924195,420582.361740,11711758775.6212,232110.701145,2.793966,17.937946,1.194409,34474.724884,181849599.793030,28922.796299,10.133276,92.205968,6.139591,125034.381645,934756876.584695,65574.266063,19.220302,803.140201,53.477591,237159.102091,8141998152.08606,193530.582523,158.709493,23896.086418,1591.135833,1958314.708374,242251466156.806,1055643.580828,84.001857,17934.764571,1194.197496,1036498.006195,181817346008.891,914538.011708,23.319827,765.903484,50.998161,287743.098297,7764503305.45561,188990.921971,16.655505,1492.079792,99.351064,205512.098925,15126264233.1227,263784.908538,44.026524,9164.212729,610.204826,543242.808971,92904081907.9029,653734.646242,60.682030,17714.734737,1179.546672,748754.907897,179586748543.613,908910.766443
"T04","1993",16,81.231001,12339.229851,42.021113,1495.185914,93.327946,518498.059590,14209240568.5723,254074.154065,133.522444,4295.150128,268.098794,1647531.984245,40818215881.4756,430627.800749,22.481182,403.931168,25.212962,277395.070673,3838689951.81500,132058.564670,14.788517,877.220866,54.755212,182475.360810,8336516687.01709,194610.992103,3.395514,13.301638,0.830274,41897.210599,126409823.673262,23964.339716,1.355898,7.704234,0.480890,16730.417506,73215858.015709,18238.017699,17.786002,152.460655,9.516435,219461.291035,1448883453.68725,81131.925112,8.594368,182.217134,11.373803,106045.820337,1731669005.04215,88696.707050,9.937653,94.680979,5.909888,122620.596790,899784301.468422,63935.823102,1.023326,1.941293,0.121173,12626.815710,18448750.143053,9155.003808,7.290573,48.672574,3.038091,89958.310043,462551386.961192,45841.101910,46.869406,2715.276429,169.484724,578321.090737,25804159613.6787,342389.087475,68.401484,3035.027448,189.443249,844005.170964,28842858079.1544,361988.022875,92.891156,8188.100587,511.092703,1146182.966697,77814196806.8931,594572.028747,46.046779,2418.602970,150.966676,568170.708105,22984774738.9263,323143.318508,4.616001,116.342391,7.261970,56956.794795,1105639777.46858,70873.173905,42.228375,6920.020441,431.940462,521055.463795,65763216604.5634,546596.162536,46.844377,8621.658972,538.154966,578012.258591,81934443880.9092,610110.233967
"T04","1994",16,81.231001,12339.229851,15.657578,261.741212,16.337613,193198.695001,2487412309.01589,106303.837921,81.619616,4721.311567,294.699346,1007103.552588,44868167354.9868,451485.929644,5.473680,41.434131,2.586275,67539.684656,393762097.154952,42295.290228,7.873713,166.841424,10.414067,97153.666507,1585548601.33302,84872.077730,0.547434,1.614847,0.100797,6754.793122,15346422.567922,8349.849177,1.762749,9.330729,0.582414,21750.550713,88672968.492281,20071.077066,7.781899,55.042941,3.435723,96020.777682,523091067.580392,48748.774983,5.070873,41.531051,2.592324,62569.448855,394683160.636967,42344.728573,10.025897,67.998049,4.244367,123709.440805,646207699.283028,54182.759392,0.740022,1.389951,0.086759,9131.130092,13209166.172957,7746.628986,17.030729,313.686819,19.580004,210141.986371,2981068399.75768,116375.356710,25.312614,1321.626789,82.494566,312332.073779,12559851453.9099,238873.133295,28.510352,564.534957,35.237683,351788.921539,5364960260.92299,156119.916179,83.321460,11279.045172,704.026243,1028102.590455,107188453709.647,697829.070698,52.139216,6364.562583,397.269362,643345.219753,60484518988.6980,524200.185541,7.742686,155.183526,9.686393,95536.923695,1474759789.10762,81853.206779,23.439557,1868.863044,116.652483,289220.447007,17760416498.1101,284054.469934,31.182244,2508.649925,156.587313,384757.370702,23840520387.8878,329103.817628
"T04","1995",16,81.231001,12339.229851,22.559809,2032.712366,126.879787,278365.239579,19317530174.2216,296244.880816,169.895941,39111.391420,2441.292285,2096344.156734,371688339282.631,1299464.809500,15.224375,1195.126236,74.598533,187853.400260,11357675342.0479,227153.681498,5.912093,179.336951,11.194025,72949.261060,1704297682.29970,87992.930462,0.615790,2.557171,0.159615,7598.233757,24301635.891271,10507.340580,0.807549,4.620317,0.288395,9964.344500,43908391.145113,14123.710819,37.792011,5765.280812,359.862818,466315.218795,54789348394.3719,498911.049468,3.242597,21.998151,1.373101,40010.376579,209055627.200417,30818.108919,44.340716,5734.526590,357.943172,547119.615669,54497080969.7788,497578.578549,1.507794,4.913021,0.306665,18604.660032,46690046.766826,14564.219283,31.594065,1689.746519,105.472216,389838.825944,16058213595.9573,270099.431369,28.858946,1450.290736,90.525636,356090.220133,13782587011.7294,250230.605143,63.594418,14168.167936,884.362274,784690.834953,134644731876.599,782113.419613,124.670494,20725.742519,1293.679244,1538307.866384,196963506996.411,945949.471550,54.714330,4169.498100,260.255725,675119.520270,39624103572.0928,424282.168448,57.268992,12628.674732,788.268713,706641.471368,120014424652.184,738400.153767,12.687171,668.289994,41.713964,156546.874745,6350978304.09262,169861.662074,69.956164,15043.705820,939.012436,863188.346113,142965254625.803,805916.979405
"T04","1996",16,81.231001,12339.229851,8.211504,112.962304,7.050989,101321.659096,1073517714.29549,69836.049208,118.029419,31949.884432,1994.278483,1456363.715471,303630197079.886,1174485.164762,4.224260,29.925249,1.867902,52123.099205,284389427.538642,35944.444665,3.987243,39.782606,2.483188,49198.559890,378067113.628090,41443.793925,0.000000,0.000000,0.000000,0.000000,0.000000,0.000000,0.000000,0.000000,0.000000,0.000000,0.000000,0.000000,33.920581,4746.376374,296.263866,418545.678576,45106366415.5737,452682.782277,14.793591,401.657371,25.071034,182537.961006,3817081315.44907,131686.350095,30.034589,5885.408074,367.361037,370596.474620,55930957033.2964,504081.988740,12.344628,433.521784,27.059977,152320.238058,4119899246.47655,136810.160500,3.618141,39.119995,2.441829,44644.205123,371770102.849490,41097.204884,15.106383,491.272562,30.664721,186397.498990,4668723775.26125,145637.811634,56.925676,7095.864865,442.916488,702405.298678,67434323651.1041,553497.365028,59.141765,8048.286483,502.365653,729749.591120,76485497662.1896,589473.930450,18.114311,492.462138,30.738973,223512.288665,4680028704.02680,145814.029986,32.201741,4156.634641,259.452801,397336.929741,39501857916.6582,423627.179277,8.825712,345.965731,21.594820,108900.372714,3287825451.36290,122216.384306,41.027453,6587.551970,411.188127,506237.302455,62603660029.5112,533304.093088
"T04","1997",16,81.231001,12339.229851,11.598256,150.949194,9.422091,143110.754093,1434519541.77530,80728.761373,85.248359,2430.916725,151.735288,1051878.580406,23101796377.9459,323964.878695,10.623156,141.781508,8.849853,131079.012291,1347396030.96980,78238.891122,0.916688,1.608485,0.100400,11311.006460,15285965.467622,8333.385867,0.058411,0.054589,0.003407,720.735341,518785.861656,1535.214701,0.000000,0.000000,0.000000,0.000000,0.000000,0.000000,23.237972,471.530441,29.432438,286733.085352,4481107944.68593,142681.529953,3.174016,11.605349,0.724393,39164.150002,110289435.109163,22384.222335,22.728191,309.251734,19.303170,280442.900839,2938920338.09979,115549.737146,0.589935,1.161412,0.072494,7279.203838,11037286.279549,7081.189363,9.986189,73.671682,4.598509,123219.479896,700126084.135399,56397.932552,13.933800,208.466413,13.012256,171929.006384,1981124476.39797,94870.444748,38.010244,1011.623437,63.144480,469007.989448,9613788251.18047,208988.472099,40.071606,2770.525784,172.933331,494443.118934,26329212295.2580,345854.943652,15.307807,194.350362,12.131147,188882.873446,1846975028.75035,91602.128796,16.685387,1003.864486,62.660174,205880.818478,9540052407.56240,208185.479431,8.078411,509.642939,31.811381,99679.427010,4843303471.04002,148335.771814,24.763799,2326.908095,145.243177,305560.245488,22113368359.8531,316958.574440
"T04","1998",16,81.231001,12339.229851,16.679492,836.177903,52.193353,205808.076041,7946471987.67985,190003.776533,62.491888,3233.135653,201.808957,771086.730917,30725545117.0395,373615.472266,10.447557,258.213552,16.117420,128912.302111,2453887809.67671,105585.044257,5.735457,333.349879,20.807352,70769.753170,3167932889.26968,119967.343209,0.496476,1.544697,0.096418,6126.020759,14679765.606059,8166.474594,0.000000,0.000000,0.000000,0.000000,0.000000,0.000000,10.261882,320.945974,20.033113,126621.252886,3050054525.27088,117714.200239,5.545697,167.719603,10.468882,68428.301575,1593894223.68580,85095.149005,1.056129,2.797245,0.174601,13031.566031,26583138.271206,10989.506237,0.889279,1.521449,0.094967,10972.815175,14458830.215217,8104.787522,1.556718,5.126069,0.319963,19208.335677,48714712.249562,14876.649312,26.377688,1407.165261,87.833788,325474.009898,13372751523.4380,246482.132251,32.487072,2795.440633,174.488490,400857.630503,26565986244.3835,347406.569253,38.718685,2379.085092,148.500011,477749.433995,22609223424.7473,320492.504924,32.358252,2138.133673,133.460075,399268.119723,20319383311.3066,303829.763976,2.635435,100.616913,6.280402,32518.611231,956195421.065462,65909.555776,3.724997,185.084963,11.552810,45962.703040,1758922915.51547,89391.959699,6.360433,557.670004,34.809180,78481.314272,5299720375.29392,155167.774992
"T04","1999",16,81.231001,12339.229851,8.451413,195.591885,12.208641,104281.894732,1858773633.00989,91894.243395,249.158198,174386.389924,10885.016690,3074360.287851,1657250875275.23,2743905.708794,4.867164,87.724229,5.475654,60055.892500,833672033.631553,61542.150955,3.389803,93.457753,5.833535,41826.754361,888159587.069576,63521.472760,0.069444,0.077160,0.004816,856.874239,733281.398778,1825.199700,0.125000,0.250000,0.015604,1542.373631,2375831.732043,3285.359461,9.711053,251.802387,15.717242,119824.586186,2392960405.01212,104266.023577,6.551396,257.088546,16.047199,80837.607372,2443196507.12188,105354.782325,49.529773,5425.321187,338.642893,611147.333973,51558600931.7528,483977.995774,7.009880,51.936838,3.241843,86494.841264,493572752.945943,47353.342886,94.034550,39622.768687,2473.211921,1160291.291364,376548124640.867,1307932.402998,73.870130,25697.136893,1603.988499,911482.732958,244208293014.728,1053307.699238,24.713863,1303.332213,81.352638,304944.088291,12385992125.1788,237214.075196,146.216372,43958.684611,2743.855273,1804162.217080,417753751199.835,1377638.381498,100.279784,27405.251940,1710.607260,1237351.159216,260441068739.988,1087751.746179,40.497727,7043.045896,439.619583,499701.020760,66932367721.1831,551433.503326,5.438860,182.514486,11.392364,67110.037104,1734494833.94151,88769.047535,45.936588,8201.295957,511.916345,566811.057864,77939596721.0878,595050.921224
"T04","2000",16,81.231001,12339.229851,6.675892,123.343305,7.698960,82373.765570,1172171753.43603,72974.424817,147.570240,13172.930881,822.240615,1820867.586532,125186668766.782,754143.680604,5.863924,90.020561,5.618989,72354.897246,855494823.915816,62342.433089,0.685705,1.567120,0.097818,8460.915161,14892857.026216,8225.533299,0.000000,0.000000,0.000000,0.000000,0.000000,0.000000,0.126262,0.255076,0.015921,1557.953163,2424070.739765,3318.544910,29.815465,866.853537,54.108094,367892.699983,8237992569.63643,193457.580837,1.026379,2.681102,0.167351,12664.485119,25479395.402845,10758.943180,30.321037,1389.847664,86.752842,374130.946819,13208176734.0560,244960.742893,1.365803,1.959572,0.122314,16852.634336,18622455.235982,9198.002520,36.760507,3438.335676,214.617329,453587.504749,32675628019.5675,385289.369357,41.605154,5439.725122,339.541972,513365.549952,51695486237.6413,484620.037653,37.517737,1530.500598,95.532252,462930.950673,14544847551.2390,257057.122386,76.446398,8143.691554,508.320738,943271.272583,77392163243.5606,592957.474311,56.124555,6990.036167,436.310771,692520.271654,66428598937.8765,549354.392133,17.043183,1876.011538,117.098684,210295.657455,17828350970.8174,284597.212633,3.278659,29.561644,1.845207,40455.343472,280933975.142625,35725.407143,20.321843,2106.710016,131.498643,250751.000928,20020754031.8611,301588.842018
"T04","2001",16,81.231001,12339.229851,7.857273,86.938724,5.426624,96950.808329,826207120.295067,61265.999275,249.957586,92239.438929,5757.489633,3084223.927528,876581543818.986,1995589.526502,5.761199,79.992353,4.993039,71087.379399,760193483.522875,58767.487815,1.972311,20.077202,1.253198,24336.326324,190800214.748274,29441.808550,0.000000,0.000000,0.000000,0.000000,0.000000,0.000000,0.123762,0.245074,0.015297,1527.102605,2329018.460978,3252.831149,23.621842,1393.613139,86.987879,291469.661881,13243961276.9151,245292.351076,8.185315,340.844146,21.275136,100998.523992,3239153351.19430,121308.381771,23.943760,1258.645848,78.563361,295441.802752,11961322980.9769,233112.017702,1.917807,9.035515,0.563987,23663.811388,85867454.734987,19751.011853,53.143809,9837.680711,614.057775,655740.889631,93490696020.8667,651717.302454,131.287775,47022.107385,2935.070930,1619958.429552,446866459335.357,1424832.898448,39.664432,2188.274813,136.589832,489418.994204,20795890957.1175,307371.658521,211.448961,128247.733730,8005.089862,2609066.416936,1218780141440.08,2353085.671773,175.201968,124834.120832,7792.015703,2161815.175329,1186339462058.63,2321558.026487,11.471980,341.589835,21.321681,141552.636214,3246239882.25665,121441.006852,24.775012,3322.133455,207.364107,305698.605391,31571320322.7529,378722.778698,36.246992,4433.657412,276.744274,447251.241606,42134495881.8651,437516.016090
"T04","2002",14,81.231001,12339.229851,7.132658,96.359030,6.874978,88009.794150,1046719984.82701,69894.519716,332.419910,86896.811960,6199.872819,4101725.634052,943934671786.611,2098934.258687,6.987592,96.492493,6.884501,86219.822984,1048169760.98672,69942.907225,0.145066,0.136014,0.009704,1789.971165,1477489.578289,2625.971933,0.000000,0.000000,0.000000,0.000000,0.000000,0.000000,0.000000,0.000000,0.000000,0.000000,0.000000,0.000000,15.698422,547.399951,39.055633,193702.659756,5946245693.02438,166590.139479,1.404720,4.285619,0.305768,17332.836193,46553432.741339,14740.211738,38.148603,2026.168465,144.562113,470715.203412,22009675866.6264,320504.912339,2.340804,13.756369,0.981482,28883.156376,149431421.958698,26408.809964,103.369452,16296.838443,1162.739154,1275474.545741,177027793082.418,908968.000527,164.325248,46176.618324,3294.587619,2027607.438422,501603109238.374,1530058.291884,24.235801,1064.911940,75.978835,299045.290100,11567827179.8256,232355.931118,258.150497,58271.466067,4157.525120,3185316.158337,632985905419.265,1718798.186406,222.879457,45850.788639,3271.340476,2750107.182535,498063716598.161,1524650.566203,32.714615,3091.950675,220.603040,403665.287562,33586956535.0030,395925.243970,2.556424,14.006808,0.999351,31543.688239,152151871.430375,26648.116363,35.271039,3330.305720,237.609084,435208.975802,36176137727.8336,410902.672673
"T04","2003",16,81.231001,12339.229851,3.948239,65.013364,4.058066,48717.289383,617843259.960960,52980.275386,280.810191,69041.153849,4309.476859,3464913.875869,656120656529.526,1726501.301677,3.026005,33.574059,2.095657,37337.850327,319065262.965863,38072.799962,0.922234,5.756032,0.359285,11379.439055,54701462.487673,15764.293921,0.000000,0.000000,0.000000,0.000000,0.000000,0.000000,0.000000,0.000000,0.000000,0.000000,0.000000,0.000000,21.852532,484.298771,30.229424,269638.163587,4602449553.66627,144600.426270,1.560615,3.622091,0.226087,19256.421806,34421919.548082,12505.256304,54.415618,2780.770903,173.572821,671433.717294,26426575012.5213,346493.821564,3.145464,14.203157,0.886546,38811.855604,134977251.685381,24763.119033,96.329945,13568.464468,846.929409,1188614.144893,128945553754.453,765381.993119,99.557773,14297.050693,892.407001,1228442.283300,135869546845.426,785662.669346,27.361388,831.304036,51.889131,337611.874777,7900154031.46431,189449.225518,126.407548,27101.058094,1691.619797,1559741.359136,257550215174.736,1081697.966448,106.591334,22072.331938,1377.731952,1315229.312433,209760586474.778,976195.944341,18.233977,338.545365,21.131648,224988.852004,3217307292.22716,120898.615200,1.582236,8.264714,0.515874,19523.194698,78542281.058531,18889.776077,19.816213,419.517176,26.185824,244512.046703,3986808882.82131,134582.243367
"T04","2004",16,81.231001,12339.229851,8.990204,133.198148,8.314089,110930.032857,1265825547.38058,75833.654047,293.645145,81494.883038,5086.825654,3623284.233542,774472516486.239,1875763.410492,6.897159,123.262852,7.693938,85103.978031,1171407187.02653,72950.621609,2.093044,36.257276,2.263141,25826.054826,344564751.689549,39564.937012,0.000000,0.000000,0.000000,0.000000,0.000000,0.000000,0.000000,0.000000,0.000000,0.000000,0.000000,0.000000,45.967661,2929.051657,182.828351,567194.467367,27835735488.7444,355611.997976,9.459998,442.463291,27.618097,116726.820064,4204873314.49353,138213.833463,77.228076,8589.323514,536.136620,952916.395878,81627149445.4581,608965.052586,6.870352,198.732391,12.404668,84773.205963,1888618885.88422,92629.051893,90.704257,15407.460906,961.717650,1119198.838042,146422138129.272,815602.271977,54.424594,3399.320880,212.182066,671544.473367,32304857658.3037,383097.193664,64.417864,4170.829700,260.338842,794851.320289,39636758204.1751,424349.913906,253.905618,147869.197985,9229.841208,3132938.645605,1405249331060.27,2526688.759669,100.822866,8848.607332,552.320846,1244052.246724,84091208344.5175,618088.055932,74.218466,16034.016169,1000.826576,915780.849034,152376497627.729,832020.540897,78.864285,56173.660543,3506.301339,973105.549846,533836660895.301,1557324.989076,153.082751,108491.323465,6771.915326,1888886.398881,1031028515766.77,2164264.785851
"T04","2005",15,81.231001,12339.229851,3.701770,37.440691,2.493011,45676.107494,379562674.990425,41785.524072,146.663456,25153.502886,1674.861693,1809678.779898,254998782926.611,1083061.599319,2.235364,4.028671,0.268251,27582.143488,40841477.948340,13706.760644,1.466405,24.114006,1.605646,18093.964005,244460670.952008,33534.250470,0.000000,0.000000,0.000000,0.000000,0.000000,0.000000,0.000000,0.000000,0.000000,0.000000,0.000000,0.000000,14.044119,376.034942,25.038521,173290.236566,3812131183.49168,132424.402692,14.105638,1794.246700,119.471036,174049.317085,18189543100.2667,289264.407491,7.891599,113.598066,7.563998,97374.358031,1151623643.16167,72784.581687,7.262627,215.976519,14.380931,89613.483125,2189506168.72806,100359.199981,15.072133,739.045081,49.209778,185974.886680,7492220755.14253,185647.620319,84.585567,16741.788718,1114.762454,1043700.390914,169723309173.386,883598.254967,31.851528,4181.716721,278.442218,393015.661146,42393009015.3690,441602.197469,98.061541,15147.500776,1008.605796,1209980.285295,153560888909.697,840474.250995,79.878327,14744.608103,981.778936,985617.810660,149476481985.656,829221.469708,3.996199,72.751987,4.844236,49309.059425,737538160.344852,58247.374181,14.187014,1938.552904,129.079755,175053.415209,19652476772.2940,300671.836261,18.183213,2725.475137,181.477463,224362.474634,27630061943.9816,356512.723072
"T04","2006",17,81.231001,12339.229851,18.196818,2048.389222,120.327477,224530.345659,18319936753.5973,286931.641318,151.170286,83220.813154,4888.597541,1865288.507614,744292157262.583,1828892.500206,16.223494,1716.646457,100.840082,200181.524037,15352968162.9578,262671.305316,1.973323,31.105109,1.827191,24348.821621,278191089.797534,35358.030452,0.000000,0.000000,0.000000,0.000000,0.000000,0.000000,0.000000,0.000000,0.000000,0.000000,0.000000,0.000000,14.901439,1861.030117,109.321537,183868.694292,16644275251.0330,273494.692175,3.441823,96.100215,5.645165,42468.620313,859480143.160484,62149.033811,15.134220,1409.774676,82.813670,186740.976674,12608435266.4695,238038.417365,3.514845,30.221796,1.775303,43369.634415,270291112.227856,34852.371953,12.535673,1293.148142,75.962738,154677.538243,11565376302.5570,227979.785963,83.445466,48203.132967,2831.571915,1029632.698015,431108666970.479,1391905.768138,36.540081,8496.678392,499.116020,450867.660265,75990738983.0255,584381.947682,78.336776,43722.572985,2568.372678,966596.625952,391036411864.119,1325638.342958,75.980995,43289.077139,2542.908054,937528.670810,387159406272.919,1319050.324789,1.885192,19.760279,1.160767,23261.372058,176727674.085095,28181.800648,0.470588,2.889705,0.169748,5806.583083,25844321.192171,10777.028280,2.355780,33.014792,1.939371,29067.955141,295270498.142103,36427.258358
"T04","2007",16,81.231001,12339.229851,13.169924,1322.914471,82.574942,162503.557620,12572088723.3726,238989.473971,92.707269,36330.923898,2267.738400,1143913.988362,345264647410.037,1252423.219632,3.731887,114.710881,7.160133,46047.714566,1090135004.79854,70374.479759,9.375537,845.768110,52.791963,115684.656238,8037610861.27390,191090.256236,0.062500,0.062500,0.003901,771.186815,593957.933010,1642.679730,0.000000,0.000000,0.000000,0.000000,0.000000,0.000000,22.573583,5360.796789,334.615347,278535.196784,50945404484.9769,481091.365173,7.660742,536.309631,33.475888,94525.817560,5096725765.23156,152167.073399,11.998222,1682.699453,105.032345,148045.940170,15991243029.6147,269535.619869,2.279002,50.069407,3.125280,28120.591272,475825950.233890,46494.236084,7.514101,323.329714,20.181903,92716.421198,3072707986.41164,118150.536855,27.511691,1188.939181,74.212344,339466.463756,11298877737.3650,226564.942049,43.404250,17304.968363,1080.158087,535564.571964,164454771839.918,864367.231988,171.253316,328716.570033,20518.145668,2113092.796448,3123901031736.09,3767243.463357,48.908480,8456.960809,527.874678,603481.207775,80369263390.3918,604254.716085,121.027222,229751.835103,14340.870068,1493353.568439,2183406801332.07,3149505.594474,1.317613,27.777691,1.733854,16258.020233,263980479.982389,34630.675413,122.344835,234831.992043,14657.968169,1509611.588673,2231685193587.60,3184135.353439
"T04","2008",16,81.231001,12339.229851,8.545253,397.206369,24.793207,105439.791889,3774781988.55955,130954.670390,103.859039,14361.708348,896.442865,1281515.549664,136484009678.443,787437.224192,5.072452,75.569685,4.716980,62588.935206,718163425.845137,57119.802438,3.256781,125.104409,7.808886,40185.395455,1188908108.23849,73493.545485,0.216019,0.746630,0.046603,2665.461227,7095471.071550,5677.611496,0.000000,0.000000,0.000000,0.000000,0.000000,0.000000,11.442783,341.432681,21.311872,141192.375879,3244746398.04875,121413.068206,7.985610,802.948722,50.119222,98534.357958,7630684214.77539,186190.190101,7.786493,194.068286,12.113540,96077.454133,1844294371.09742,91535.630033,5.115748,130.857137,8.167966,63123.162554,1243578157.87634,75164.296576,18.225118,3249.977812,202.860227,224879.533595,30885601661.3054,374587.333397,44.758032,3412.043088,212.976173,552268.873653,32425760959.5140,383813.408852,27.973647,4064.127124,253.678578,345166.525727,38622728737.7247,418886.661713,65.341400,3787.816896,236.431582,806246.821114,35996862315.4582,404396.490699,46.634225,2697.379283,168.367603,575419.201508,25634077182.3773,341258.830830,8.296984,553.718275,34.562517,102376.401669,5262165802.02114,154617.027113,10.410189,1206.763269,75.324905,128451.217937,11468265870.2818,228256.908586,18.707174,2237.417332,139.657257,230827.619606,21262908387.0308,310803.849178
"T04","2009",15,81.231001,12339.229851,11.660791,432.338011,28.787496,143882.375221,4382915060.91039,141992.573744,258.941694,117254.189629,7807.443421,3195078.729436,1188688342257.50,2338396.249780,8.660777,431.443302,28.727921,106865.243529,4373844765.70337,141845.573225,3.000013,53.571385,3.567084,37017.131692,543090885.507175,49982.774667,0.000000,0.000000,0.000000,0.000000,0.000000,0.000000,0.000000,0.000000,0.000000,0.000000,0.000000,0.000000,34.234543,3071.199700,204.497749,422419.660017,31134915451.6865,378449.511904,10.727391,492.054362,32.763746,132365.169312,4988301797.76988,151481.802620,64.706717,9690.239933,645.230675,798415.484862,98236790335.0572,672235.102155,4.384252,41.956715,2.793714,54097.249732,425344793.930138,44233.842258,52.139010,8916.385979,593.703127,643342.681400,90391687515.1383,644834.627914,81.088985,12642.402118,841.802238,1000556.108890,128164938618.188,767836.443536,56.622726,5484.274060,365.173812,698667.204551,55597950587.1382,505723.920110,238.800806,86405.863476,5753.388365,2946560.540040,875957123078.959,2007361.213393,114.763047,28922.414738,1925.817042,1416059.986006,293206898090.543,1161371.584403,62.092919,18692.409114,1244.645731,766163.852919,189498122609.634,933655.285104,61.944839,16860.284316,1122.652557,764336.701113,170924582548.074,886719.722198,124.037759,29249.747272,1947.612683,1530500.554033,296525298638.519,1167925.067930
"T04","2011",37,81.231001,24678.459703,3.457341,98.549921,2.659518,42660.095597,404913353.077338,40810.237939,360.415213,232765.693095,6281.532740,4447159.371515,956367447924.388,1983355.067455,1.016974,27.674923,0.746849,12548.435452,113708318.656234,21626.398253,2.440366,75.609147,2.040426,30111.660144,310656293.756404,35746.058001,0.000000,0.000000,0.000000,0.000000,0.000000,0.000000,0.000000,0.000000,0.000000,0.000000,0.000000,0.000000,0.789724,9.139836,0.246652,9744.405767,37552965.186734,12428.256124,6.893035,391.664553,10.569657,85053.090769,1609237273.81787,81357.598195,1.308954,15.804677,0.426513,16151.177543,64936886.111316,16343.076252,1.949712,13.600999,0.367043,24057.487011,55882603.209256,15160.949174,12.914082,566.162439,15.278745,159346.723714,2326199019.98617,97816.363160,333.051367,222358.522737,6000.679576,4109517.171884,913607370940.552,1938509.237063,11.140101,862.540404,23.276951,137457.592134,3543931044.07888,120734.311236,351.556469,294600.018435,7950.225123,4337851.425951,1210426949276.47,2231296.938593,331.445358,295826.688411,7983.328660,4089700.649912,1215466984249.19,2235937.504656,1.941109,12.803389,0.345518,23951.334160,52605453.962598,14709.688085,18.170000,1771.228581,47.799270,224199.441878,7277470040.41690,173012.822224,20.111110,1865.108023,50.332748,248150.776038,7663193733.97067,177538.677292
"T04","2012",37,81.231001,24678.459703,1.662346,23.917312,0.645444,20511.680992,98269372.733119,20104.680202,391.373129,190942.558953,5152.872486,4829148.761705,784528189604.978,1796355.772942,0.000000,0.000000,0.000000,0.000000,0.000000,0.000000,1.662346,23.917312,0.645444,20511.680992,98269372.733119,20104.680202,0.000000,0.000000,0.000000,0.000000,0.000000,0.000000,0.000000,0.000000,0.000000,0.000000,0.000000,0.000000,0.370888,1.498667,0.040443,4576.384753,6157596.319518,5032.614729,4.255516,76.535223,2.065418,52508.770157,314461271.974375,35964.304062,13.776476,326.080575,8.799775,169987.791649,1339771525.21945,74234.100245,1.481252,12.270661,0.331142,18277.161181,50416626.818922,14400.413740,205.210359,91267.938783,2463.002764,2532088.373562,374993773914.979,1241938.544491,164.616289,32609.407227,880.013959,2031198.599409,133982698024.204,742356.365562,6.288751,157.578479,4.252492,77596.835903,647444759.102788,51604.721339,429.533323,377895.965470,10198.091686,5300006.977132,1552666096415.16,2527127.259328,375.854361,283338.756773,7646.323019,4637662.857788,1164157656180.91,2188235.083599,36.596117,5372.139620,144.975277,451559.090131,22072580328.2958,301310.752720,17.082844,5300.798304,143.050024,210785.029212,21779459331.7641,299303.382234,53.678961,12085.246422,326.138573,662344.119343,49654810056.3601,451927.469502
"T04","2013",37,81.231001,24678.459703,3.085930,68.507412,1.848775,38077.259992,281477300.380262,34025.911331,257.642310,56257.356674,1518.189485,3179045.646149,231145337246.928,975058.440171,0.153314,0.424859,0.011465,1891.743194,1745623.759805,2679.559466,2.720639,59.131562,1.595754,33569.938832,242954622.982075,31611.904483,0.000000,0.000000,0.000000,0.000000,0.000000,0.000000,0.211976,1.021783,0.027574,2615.577965,4198213.295512,4155.471683,6.061734,86.219378,2.326759,74795.671422,354250688.429466,38171.869361,5.385307,228.163894,6.157346,66449.251861,937459976.488575,62096.117187,105.370742,16828.252745,454.135741,1300168.441198,69142462178.1166,533286.387040,7.325239,278.286839,7.509989,90386.056077,1143400779.38266,68578.395412,55.164851,4000.059009,107.947615,680678.493833,16435094773.4359,260000.500377,75.024669,10069.510926,271.740915,925728.573206,41372731260.2146,412520.156166,14.532972,634.451797,17.121637,179322.183276,2606780398.53366,103547.662790,253.927496,140580.058070,3793.764560,3133208.599149,577603123455.982,1541355.597490,95.251456,12830.239911,346.243344,1175306.674396,52715774551.7482,465648.676998,101.926070,36576.852221,987.081436,1257664.664031,150283791168.017,786220.110939,56.749970,33096.923895,893.170330,700237.260721,135985764135.714,747884.961309,158.676040,108443.956037,2926.523455,1957901.924753,445565100677.533,1353766.181807
"T04","2017",38,81.231001,24678.459703,0.573593,4.223871,0.110983,7077.568396,16897286.688110,8328.929355,92.061263,39640.499278,1041.564754,1135942.917001,158578911721.793,806869.703384,0.361315,2.669054,0.070130,4458.267083,10677358.200856,6620.832463,0.212278,1.712361,0.044992,2619.301313,6850175.173248,5303.120932,0.000000,0.000000,0.000000,0.000000,0.000000,0.000000,0.000000,0.000000,0.000000,0.000000,0.000000,0.000000,7.640923,610.907071,16.051747,94281.275262,2443888959.82681,100166.252736,1.328480,25.879491,0.679990,16392.101928,103529009.484592,20616.347298,17.813100,3295.730268,86.596197,219795.655897,13184327363.0161,232653.548622,0.865172,6.497241,0.170716,10675.351445,25991739.381553,10329.953440,44.850348,11923.593015,313.295605,553407.958460,47699459860.1746,442524.604683,18.989643,756.783128,19.884679,234313.005610,3027455431.52784,111485.804310,9.542997,957.997943,25.171652,117750.945587,3832400550.63719,125434.250497,92.092473,63258.838447,1662.142952,1136328.021039,253062346346.561,1019282.240654,67.854470,32235.639081,847.000065,837255.563835,128956311278.771,727615.585621,18.677603,2994.813654,78.689532,230462.748272,11980532504.0830,221778.148293,5.560399,479.786633,12.606522,68609.708931,1919351259.75904,88768.304176,24.238003,5557.016965,146.012111,299072.457204,22230439040.5495,302102.773317
"T05","1990",24,771.862373,117248.182588,7.489546,337.147346,14.044930,878118.573516,193070039921.780,908962.687448,71.703225,11669.396331,486.125319,8406908.814548,6682570212073.72,5347618.019363,1.241119,5.800955,0.241657,145516.138751,3321962113.27966,119230.111558,6.248427,281.123690,11.711089,732602.434765,160987659402.006,830013.021728,0.000000,0.000000,0.000000,0.000000,0.000000,0.000000,0.000000,0.000000,0.000000,0.000000,0.000000,0.000000,3.233853,49.412179,2.058419,379156.007144,28296267596.7473,347979.123407,26.804786,2593.456095,108.038551,3142751.163082,1485162724472.02,2521016.180147,5.842002,604.269272,25.172732,684950.862694,346039479900.511,1216890.324616,4.805951,56.350835,2.347470,563478.089597,32269742515.1929,371609.119120,3.543358,252.077959,10.501098,415444.267039,144354396101.102,785965.747601,19.983726,1455.692969,60.641458,2343009.851473,833613856305.450,1888735.204118,37.528186,5484.767757,228.485210,4400025.743743,3140894746727.52,3666192.835433,29.017136,3583.405002,149.277979,3402140.168687,2052064635398.60,2963358.064634,23.378827,2396.423303,99.830532,2741071.496806,1372330369622.10,2423360.082708,2.501279,125.302137,5.219853,293264.758177,71755239689.3664,554134.796877,3.137030,64.525170,2.687998,367803.913703,36950838526.9659,397649.794119,5.638309,216.123927,9.003320,661068.671880,123765041425.906,727759.039552
"T05","1991",17,771.862373,117248.182588,5.399519,204.302086,12.016027,633071.527174,165179518630.191,861577.910243,36.861443,3733.324111,219.575459,4321852.933606,3018415961389.44,3683036.322863,0.604293,1.677342,0.098652,70850.968029,1356142157.10934,78067.283215,4.795225,173.764211,10.219942,562220.559144,140489454748.851,794581.265444,0.000000,0.000000,0.000000,0.000000,0.000000,0.000000,0.000000,0.000000,0.000000,0.000000,0.000000,0.000000,5.386007,85.884900,5.051320,631487.278069,69438480415.6871,558620.104490,15.277686,1030.291993,60.596624,1791245.980469,832997539050.107,1934809.970704,4.183480,44.532042,2.619152,490495.918101,36004435422.4079,402248.524958,1.318717,4.183628,0.246060,154614.271331,3382490190.77046,123291.952561,2.196707,30.144062,1.772923,257554.942808,24371663955.3395,330947.456948,3.099324,18.449925,1.085132,363383.015650,14916880767.5059,258913.959785,26.063213,2819.283907,165.816184,3055804.785713,2279408722945.84,3200571.698155,5.321827,49.073643,2.886266,623962.404159,39676348396.5593,422262.296361,4.139862,25.027487,1.471991,485381.849489,20234880688.1224,301555.172069,0.560224,5.335467,0.313805,65683.974504,4313758957.22753,139233.709746,0.621741,1.371080,0.080640,72896.580166,1108527131.18913,70581.294787,1.181965,8.233953,0.484279,138580.554670,6657203286.05182,172966.647178
"T05","1992",25,771.862373,117248.182588,2.180802,29.201172,1.167797,255690.154457,16053249730.8175,261498.875873,30.021652,2947.183824,117.862216,3519915.489395,1620204721400.63,2627079.963220,0.201283,0.429200,0.017164,23599.714542,235951550.530285,31702.956381,1.939914,27.284740,1.091156,227447.038153,14999697282.4334,252772.365430,0.000000,0.000000,0.000000,0.000000,0.000000,0.000000,0.039603,0.039211,0.001568,4643.401761,21556582.585457,9582.488384,1.688457,17.324430,0.692829,197964.660899,9524049516.01463,201418.412030,12.240753,651.110051,26.038848,1435178.139774,357945632761.159,1234800.735174,3.614852,76.776398,3.070401,423826.666400,42207575282.5340,424017.271668,2.275148,33.530832,1.340947,266751.776394,18433465890.0900,280215.300474,5.547208,205.214765,8.206840,650387.417547,112816149745.247,693224.626220,2.474429,18.481897,0.739118,290116.673921,10160362867.7724,208038.136383,16.110013,971.525092,38.852717,1888832.955131,534092759858.481,1508331.117205,6.684580,220.177856,8.805236,783739.564869,121042060216.819,718052.996508,4.512676,80.282121,3.210600,529092.796166,44134834916.8891,433589.841465,1.618542,21.583143,0.863141,189767.488506,11865263025.2565,224815.903668,0.553360,4.162458,0.166462,64879.280196,2288297860.86288,98728.973740,2.171903,44.318239,1.772351,254646.768703,24363808114.5634,322152.073193
"T05","1993",15,771.862373,117248.182588,1.859119,20.979650,1.398464,217974.128372,19224130807.4087,297377.057964,33.169267,1842.692763,122.830468,3888960.402772,1688501284229.99,2786986.093902,0.400000,0.828571,0.055231,46898.357796,759238842.857999,59098.072081,1.459119,21.401752,1.426600,171075.770576,19610912859.4307,300353.715731,0.000000,0.000000,0.000000,0.000000,0.000000,0.000000,0.000000,0.000000,0.000000,0.000000,0.000000,0.000000,2.297556,4.952380,0.330116,269379.049224,4537978994.11308,144482.532280,8.787369,669.260936,44.611687,1030282.991507,613259016086.495,1679600.808583,8.879423,256.338689,17.087059,1041075.997078,234888970782.259,1039478.273858,3.618451,22.823402,1.521365,424248.615398,20913602588.8348,310169.099823,2.473166,23.132168,1.541947,289968.637993,21196531971.1501,312260.110709,5.254179,113.035033,7.534704,616030.983196,103576571645.985,690263.437744,12.944045,913.797163,60.912017,1517636.169105,837333121609.604,1962606.529384,21.026068,1472.308312,98.141330,2465220.266640,1349109588889.16,2491194.971716,6.882142,166.409471,11.092545,806902.905640,152484783007.653,837524.185420,11.266149,1159.233913,77.272373,1320909.731300,1062232397222.81,2210517.083236,2.877777,92.485978,6.164943,337407.629699,84747005666.2286,624376.120984,14.143926,1249.548877,83.292601,1658317.360999,1144990052632.62,2295012.001256
"T05","1994",17,771.862373,117248.182588,2.670772,16.944896,0.996614,313137.104530,13700055306.5612,248129.052863,65.597527,12662.315452,744.734089,7691040.814366,10237561468711.5,6782889.137025,0.745450,1.116735,0.065680,87401.045229,902887814.506147,63699.108393,1.868211,15.120862,0.889333,219040.120152,12225311817.3787,234393.967430,0.000000,0.000000,0.000000,0.000000,0.000000,0.000000,0.057110,0.055446,0.003261,6695.939148,44829100.295441,14193.727692,13.499252,383.242455,22.540405,1582731.945565,309853929510.771,1180035.198225,9.920123,245.294731,14.427009,1163093.769926,198322329422.748,944065.799979,17.439766,2061.225980,121.231007,2044741.030540,1666514134318.96,2736660.717609,6.396206,104.368943,6.138459,749928.948398,84382945141.4635,615805.831392,12.742675,735.726812,43.271772,1494026.418240,594839743173.832,1634995.065687,2.928730,23.478152,1.380867,343381.597163,18982233491.6468,292072.126850,26.090148,1258.532416,74.020584,3058962.820022,1017531353079.61,2138406.951697,21.359982,1337.779172,78.681482,2504370.257522,1081602852065.41,2204704.403350,7.292712,124.985674,7.351032,855040.553752,101051702194.420,673888.855675,7.991452,348.926276,20.522099,936964.987958,282109083574.508,1125965.263808,6.075817,147.819093,8.693980,712364.715811,119512664526.769,732864.056508,14.067270,773.152430,45.472960,1649329.703770,625098589627.677,1676064.459654
"T05","1995",24,771.862373,117248.182588,2.564486,15.035941,0.626369,300675.543403,8610448472.68546,191955.914860,44.669769,4394.014303,183.046453,5237347.085834,2516266331141.32,3281458.499132,1.810721,13.032891,0.542925,212299.642828,7463386222.75864,178713.175212,0.753765,2.616501,0.108998,88375.900574,1498360020.25353,80074.954589,0.000000,0.000000,0.000000,0.000000,0.000000,0.000000,0.000000,0.000000,0.000000,0.000000,0.000000,0.000000,9.361219,328.579892,13.688026,1097564.601143,188163820839.671,897339.270679,9.793417,500.658942,20.856519,1148238.027195,286706221929.080,1107661.782856,11.485767,678.668651,28.272072,1346659.049193,388644861033.412,1289629.852071,5.683137,123.702820,5.153229,666324.574200,70839378388.9308,550587.038815,5.419678,148.357965,6.180316,635435.005180,84958338542.6260,602964.325981,0.362062,0.962407,0.040092,42450.285518,551130299.271834,48564.146063,21.719124,1171.037920,48.783258,2546478.171742,670603937026.079,1694032.204192,7.754008,208.688400,8.693570,909125.613938,119507029022.428,715130.560605,2.262378,18.645007,0.776716,265254.636065,10677208230.5586,213755.584154,3.782345,100.176640,4.173172,443464.438155,57366929004.0156,495472.338646,1.709284,19.490015,0.811917,200406.539716,11161108411.6484,218545.705105,5.491629,162.087475,6.752262,643870.977872,92820648473.5473,630247.181097
"T05","1996",18,771.862373,117248.182588,5.575675,214.821468,11.932693,653725.051147,164033965999.394,854498.654744,57.513742,5592.914322,310.669760,6743250.197849,4270652864876.96,4360051.574620,1.262343,7.699612,0.427690,148004.536860,5879290952.76666,161773.345602,4.259394,151.418758,8.410861,499396.571757,115620751159.928,717401.671032,0.000000,0.000000,0.000000,0.000000,0.000000,0.000000,0.053937,0.052366,0.002908,6323.942529,39986109.481600,13341.328137,10.662875,308.433757,17.132578,1250178.395938,235514695227.583,1023890.458731,20.939596,1819.944450,101.092502,2455081.780052,1389678176976.53,2487147.887254,3.980774,67.300402,3.738337,466729.421280,51389426214.9530,478279.068759,4.855867,47.634403,2.645949,569330.541552,36372808239.8613,402376.776530,2.178255,15.164574,0.842346,255391.532009,11579407061.6185,227032.301282,9.320697,458.887497,25.489836,1092813.475867,350398574750.161,1248894.221453,37.178148,4444.288586,246.867016,4358985.227138,3393582073543.22,3886634.211641,10.663035,444.457725,24.688305,1250197.081039,339380249891.640,1229101.569413,8.650300,438.426950,24.353313,1014212.255430,334775253959.388,1220734.348518,0.154810,0.229649,0.012756,18150.902526,175356388.079116,27938.641591,1.857923,28.416295,1.578440,217833.923083,21698192677.7442,310782.296355,2.012734,29.027065,1.612367,235984.825609,22164566464.0023,314104.465869
"T05","1997",18,771.862373,117248.182588,5.412041,89.256738,4.957946,634539.671943,68154905401.9040,550798.882336,40.268825,2067.273250,114.830882,4721354.438007,1578534181268.48,2650766.576201,1.443173,12.244059,0.680121,169206.185274,9349352908.21118,204002.395573,3.857756,47.651595,2.646904,452306.165058,36385936019.5013,402449.383477,0.000000,0.000000,0.000000,0.000000,0.000000,0.000000,0.111111,0.222222,0.012343,13027.321610,169685054.196121,27483.135964,2.734891,26.686359,1.482347,320654.804606,20377243537.8684,301173.813882,19.342285,607.092132,33.722162,2267803.558084,463565076603.677,1436480.866842,0.217498,0.175476,0.009747,25500.797038,133991135.716605,24422.072984,4.901931,92.738259,5.151334,574731.378907,70813334930.0119,561438.272480,0.323927,0.446866,0.024822,37979.122788,341219926.605583,38972.806683,7.336249,268.361364,14.906675,860145.104637,204916107400.577,955064.141178,27.489218,1169.893551,64.984108,3222998.034634,893310528331.468,1994094.413965,4.165576,43.981512,2.443042,488396.694834,33583523810.8142,386640.747993,3.078628,42.319165,2.350703,360956.586357,32314184871.3747,379263.539051,0.111111,0.222222,0.012343,13027.321610,169685054.196121,27483.135964,0.975836,2.627178,0.145931,114412.786866,2006068358.91185,94496.854975,1.086947,2.855086,0.158591,127440.108476,2180094841.11518,98510.423079
"T05","1998",22,771.862373,117248.182588,1.328036,6.280044,0.285403,155706.855864,3923320869.98281,130259.561745,10.239903,212.879658,9.674532,1200586.693926,132991925781.338,758394.781287,0.349650,2.689618,0.122232,40995.068003,1680280260.09342,85245.911938,0.978386,2.898345,0.131718,114711.787860,1810678108.22234,88491.860053,0.000000,0.000000,0.000000,0.000000,0.000000,0.000000,0.000000,0.000000,0.000000,0.000000,0.000000,0.000000,0.350074,2.073795,0.094245,41044.819299,1295558371.06119,74853.341247,3.640900,54.320631,2.468656,426880.580654,33935630617.9043,383098.684268,0.000000,0.000000,0.000000,0.000000,0.000000,0.000000,0.758936,4.638400,0.210796,88982.141678,2897739400.51925,111946.974664,0.407342,0.917816,0.041711,47759.254224,573385637.088663,49797.335244,3.754613,34.712018,1.577522,440213.042204,21685576589.7015,306244.420786,5.319011,82.640735,3.755692,623632.255818,51627997900.0745,472525.597877,3.416981,34.493053,1.567571,400627.020139,21548783030.8090,305276.991173,3.327820,34.283882,1.558065,390173.277798,21418107940.1739,304349.960620,0.045454,0.045454,0.002065,5329.358840,28396736.395578,11081.968551,0.043706,0.042025,0.001909,5124.383500,26254379.063959,10655.738992,0.089160,0.083317,0.003786,10453.742340,52050681.723679,15003.614930
"T05","1999",19,771.862373,117248.182588,0.892871,3.024961,0.159182,104685.502179,2188220597.57125,98277.813873,33.474315,8480.647282,446.277526,3924726.029152,6134798541574.91,5203674.098893,0.051599,0.050587,0.002662,6049.839756,36594629.985375,12709.211779,0.841271,2.852422,0.150103,98635.662422,2063407891.22958,95433.857800,0.000000,0.000000,0.000000,0.000000,0.000000,0.000000,0.000000,0.000000,0.000000,0.000000,0.000000,0.000000,1.145198,10.877911,0.572428,134269.776909,7868950790.62288,186366.715428,3.266870,92.777712,4.882246,383027.210243,67114284377.3287,544273.786716,15.410164,4418.561763,232.518196,1806778.477379,3196334591162.65,3756090.553396,0.735464,4.392133,0.231127,86230.240278,3177216581.93586,118422.260461,1.325452,28.236942,1.485914,155403.812598,20426265669.5441,300264.801136,10.698293,1163.187009,61.210448,1254331.009563,841435533171.954,1927171.482215,5.304940,198.905159,10.466996,621982.489332,143885606802.821,796927.131690,11.334652,1309.899608,68.930912,1328941.454745,947565667753.966,2045100.217681,10.765872,1316.402432,69.273111,1262254.386144,952269732987.944,2050170.248733,0.517179,2.793772,0.147016,60637.228843,2020981666.94370,94447.642806,0.051599,0.050587,0.002662,6049.839756,36594629.985375,12709.211779,0.568779,2.788022,0.146714,66687.068600,2016822289.07246,94350.401505
"T05","2000",24,771.862373,117248.182588,0.161252,0.135881,0.005660,18906.211703,77813735.429780,18248.061871,9.014434,147.859123,6.159535,1056905.408741,84672672645.8974,601949.761766,0.000000,0.000000,0.000000,0.000000,0.000000,0.000000,0.161252,0.135881,0.005660,18906.211703,77813735.429780,18248.061871,0.000000,0.000000,0.000000,0.000000,0.000000,0.000000,0.000000,0.000000,0.000000,0.000000,0.000000,0.000000,0.929824,18.347023,0.764302,109018.112420,10506564949.6242,212040.581994,0.860570,2.240144,0.093320,100898.306785,1282836080.93294,74092.490981,0.333333,1.536231,0.063996,39081.964830,879735089.610027,61357.064029,0.306200,0.328273,0.013675,35900.757424,187988432.921636,28363.131375,0.577148,4.161711,0.173369,67668.325704,2383236082.11594,100988.552068,5.846104,87.079336,3.627562,685431.729873,49866656520.5313,461948.688017,1.951647,32.052500,1.335247,228822.630908,18355112981.6405,280263.888835,5.886800,94.035504,3.917344,690203.240452,53850160414.4280,480045.180045,5.845134,94.502110,3.936781,685317.994849,54117365885.1337,481234.702699,0.041666,0.041666,0.001735,4885.245603,23860739.458762,10104.866077,0.000000,0.000000,0.000000,0.000000,0.000000,0.000000,0.041666,0.041666,0.001735,4885.245603,23860739.458762,10104.866077
"T05","2001",24,771.862373,117248.182588,0.415701,0.423246,0.017631,48739.292610,242375401.146225,32205.710390,44.983765,13325.162656,555.101461,5274161.799823,7630757625251.93,5714423.754437,0.287977,0.380661,0.015857,33764.217909,217988568.041649,30542.562555,0.127723,0.119346,0.004971,14975.074701,68344936.382285,17101.798479,0.000000,0.000000,0.000000,0.000000,0.000000,0.000000,0.000000,0.000000,0.000000,0.000000,0.000000,0.000000,0.287176,0.546710,0.022774,33670.297970,313078169.138293,36602.858715,0.910434,2.462876,0.102598,106744.662075,1410385080.31987,77688.630431,0.040849,0.040048,0.001668,4789.456474,22934197.865015,9906.731448,0.293152,0.473766,0.019736,34370.950811,271306301.935066,34073.641806,1.356837,9.562745,0.398366,159083.581405,5476180040.02728,153083.178770,41.679613,12891.560492,537.038402,4886763.558476,7382451987108.51,5620680.878496,1.613312,4.219381,0.175771,189154.252656,2416261696.07232,101685.867358,41.535473,11203.260530,466.706970,4869863.800817,6415633934513.91,5239723.871901,40.626552,10722.875332,446.695017,4763296.482153,6140537629137.31,5126155.914360,0.867667,9.181037,0.382464,101730.441828,5257592229.30312,149996.823731,0.041254,0.040845,0.001701,4836.876835,23390588.627352,10004.817898,0.908921,9.147180,0.381054,106567.318663,5238203957.38339,149719.998795
"T05","2002",19,771.862373,117248.182588,0.309126,0.532781,0.028036,36243.826412,385408058.647778,41244.907323,134.185151,94294.156616,4962.046121,15732658.113511,68211262092120.6,17351538.135501,0.051599,0.050587,0.002662,6049.839756,36594629.985375,12709.211779,0.257527,0.510247,0.026850,30193.986655,369106670.830992,40363.227298,0.000000,0.000000,0.000000,0.000000,0.000000,0.000000,0.000000,0.000000,0.000000,0.000000,0.000000,0.000000,1.187822,10.420663,0.548367,139267.311205,7538183129.23955,182407.746644,0.616189,2.231984,0.117453,72245.659233,1614590826.01610,84419.189209,18.154684,3953.229197,208.030977,2128562.197148,2859718592983.38,3552806.755688,0.667297,3.507016,0.184549,78237.892226,2536933442.45854,105819.199826,42.077106,14342.448817,754.743401,4933367.948615,10375155475351.2,6767172.439436,71.172925,21633.353130,1138.413024,8344733.278669,15649308220739.5,8311080.878061,2.113138,18.969535,0.998234,247756.796851,13722334807.5948,246106.986209,85.304924,37547.148361,1975.845466,10001652.132291,27161156847874.1,10949242.341779,74.385781,28141.667792,1480.900392,8721427.448030,20357344998018.4,9479174.208892,10.097046,1031.019204,54.255375,1183837.239213,745826928485.353,1814382.992741,0.822096,4.241073,0.223178,96387.445048,3067941466.95185,116367.973467,10.919142,1126.298828,59.269279,1280224.684261,814751065308.809,1896367.068591
"T05","2003",17,771.862373,117248.182588,0.527082,1.880005,0.110572,61798.214626,1519996641.10694,82649.032060,38.710438,4435.447640,260.870855,4538640.020034,3586087239142.89,4014457.669441,0.000000,0.000000,0.000000,0.000000,0.000000,0.000000,0.527082,1.880005,0.110572,61798.214626,1519996641.10694,82649.032060,0.000000,0.000000,0.000000,0.000000,0.000000,0.000000,0.000000,0.000000,0.000000,0.000000,0.000000,0.000000,1.473915,4.713948,0.277250,172810.505250,3811256866.48910,130873.153583,1.405358,12.691555,0.746453,164772.477230,10261202322.8479,214741.302516,8.883124,155.304283,9.134221,1041509.918319,125564487607.451,751190.128178,4.172398,75.291055,4.428243,489196.577229,60873290641.6653,523033.910799,17.842486,1285.524319,75.608113,2091958.271210,1039354475623.51,2161216.640981,4.406073,105.474340,6.203473,516594.056168,85276666143.5012,619058.319341,3.406355,34.342400,2.019848,399381.197107,27766046280.5450,353242.930658,30.117078,4825.089989,283.787670,3531103.764264,3901115522407.77,4187076.185880,10.111170,757.558202,44.555786,1185493.191779,612490558192.367,1659075.525584,13.959855,725.199259,42.652594,1636735.691796,586328150080.274,1623255.303063,6.046052,351.109585,20.650510,708874.880688,283874302236.323,1129482.476702,20.005907,1907.626750,112.197068,2345610.572485,1542328193223.15,2632721.113311
"T05","2004",22,771.862373,117248.182588,0.136391,0.123455,0.005610,15991.307088,77126226.686781,18263.488718,69.816823,6838.664211,310.790046,8185735.942348,4272306387862.60,4298469.937005,0.091386,0.087514,0.003977,10714.714177,54672501.653887,15376.842697,0.045004,0.044558,0.002025,5276.592911,27837208.504635,10972.246091,0.000000,0.000000,0.000000,0.000000,0.000000,0.000000,0.000000,0.000000,0.000000,0.000000,0.000000,0.000000,4.429549,51.176522,2.325769,519346.509898,31971416737.9809,371846.449562,0.943785,4.527577,0.205760,110654.953533,2828505071.43727,110601.541334,26.765480,1031.885289,46.895075,3138142.677400,644647839981.759,1669721.211583,7.690847,326.359403,14.831734,901720.351528,203885923123.665,939023.193624,25.077523,2879.365771,130.855704,2940236.731390,1798820997565.10,2789180.836406,4.773245,76.282748,3.466747,559643.411507,47655984316.1072,453984.913053,5.509726,57.219218,2.600385,645992.770520,35746459330.8627,393187.057923,23.289118,3677.340952,167.120497,2730553.567737,2297338596566.06,3152065.277774,4.604196,82.764299,3.761307,539823.089541,51705192001.9696,472878.725696,17.653564,2702.988194,122.840046,2069807.937654,1688632951296.85,2702404.331074,1.031358,3.305222,0.150209,120922.540541,2064865690.09378,94499.302385,18.684922,2824.788305,128.375376,2190730.478195,1764724915368.58,2762620.353271
"T05","2005",21,771.862373,117248.182588,0.518651,1.233328,0.058719,60809.703326,807192395.637056,59264.581727,101.630709,44844.528050,2135.071241,11915783.451154,29349969846667.3,11300834.698692,0.235284,0.282136,0.013432,27586.185397,184653432.650902,28345.582452,0.283366,0.504880,0.024037,33223.517929,330435553.979276,37918.406470,0.000000,0.000000,0.000000,0.000000,0.000000,0.000000,0.000000,0.000000,0.000000,0.000000,0.000000,0.000000,14.053432,455.117938,21.668401,1647707.321469,297866837829.017,1138459.984163,3.858353,86.427464,4.114856,452376.154572,56565284305.0949,496114.225191,16.818453,822.173535,39.144108,1971894.635168,538098393165.206,1530162.450202,9.826845,204.780416,9.749701,1152157.269562,134025249520.498,763659.932771,3.183432,19.687695,0.937341,373244.443263,12885257108.9614,236784.482099,53.371539,33104.261315,1576.111052,6257593.923791,21666167839330.9,9709519.633497,18.430437,682.783828,32.507692,2160893.179368,446870234936.449,1394432.212575,58.874104,40297.785870,1918.598487,6902747.044092,26374205541011.2,10712636.923693,56.336639,39587.947551,1884.802717,6605239.659226,25909628608714.1,10617867.135728,1.341912,15.643207,0.744781,157333.678025,10238209477.0162,211066.203399,1.195553,15.741746,0.749472,140173.706840,10302701765.4793,211729.931439,2.537465,29.052596,1.383209,297507.384865,19014423273.1873,287639.331913
"T05","2006",27,771.862373,117248.182588,4.333744,59.744933,2.212265,508113.808606,30411131858.1438,358459.412658,80.421681,8785.236565,325.304203,9429112.007491,4471826690594.28,4346765.171440,4.187782,58.629443,2.170960,491000.327166,29843329529.9172,355097.270407,0.109651,0.175296,0.006490,12856.186795,89228950.133849,19416.752208,0.000000,0.000000,0.000000,0.000000,0.000000,0.000000,0.036310,0.035598,0.001318,4257.294643,18120383.947278,8749.986732,19.212920,1325.634748,49.086277,2252636.010203,674769405053.680,1688501.256549,1.153947,4.011942,0.148556,135295.646289,2042143228.21548,92889.536539,15.609489,580.888352,21.509429,1830148.601437,295681512890.229,1117727.104527,3.377869,41.490971,1.536348,396041.299258,21119571520.5500,298721.339589,15.510808,1392.478064,51.561385,1818578.674374,708793727798.920,1730547.919686,21.222900,1319.251163,48.849902,2488297.967320,671520057772.807,1684430.867495,24.700612,1630.972556,60.392480,2896045.465099,830191259396.191,1872892.174506,42.171754,3643.028010,134.895892,4944465.073872,1854359842191.46,2799114.755125,31.922567,2882.197010,106.723455,3742789.971907,1467084628123.51,2489724.425901,7.470238,342.991726,12.700471,875854.810443,174588304788.274,858877.589178,2.629303,30.617308,1.133713,308275.077231,15584702492.6763,256609.632558,10.099542,382.849453,14.176344,1184129.887674,194876528454.570,907409.797156
"T05","2007",24,771.862373,117248.182588,0.467937,1.184246,0.049333,54863.733429,678168098.224205,53871.279534,11.443618,200.635862,8.358116,1341717.301441,114895680750.030,701197.669669,0.170138,0.332414,0.013847,19948.086215,190359999.613189,28541.478093,0.297798,0.406243,0.016923,34915.647214,232638410.246284,31552.176558,0.000000,0.000000,0.000000,0.000000,0.000000,0.000000,0.000000,0.000000,0.000000,0.000000,0.000000,0.000000,0.341201,0.700144,0.029166,40004.444718,400943083.049301,41421.896155,2.036844,15.432836,0.642903,238811.703270,8837733284.67931,194472.885528,0.335591,0.851302,0.035463,39346.779923,487504697.958553,45674.943142,1.771299,14.319808,0.596536,207677.549645,8200349362.76371,187328.903210,1.256944,18.758403,0.781440,147371.575713,10742145248.5804,214404.611920,5.233799,79.012407,3.291509,613641.514741,45247067036.9421,440031.563208,2.845983,23.214312,0.967065,333679.881417,13293855900.8816,238514.121063,4.888929,66.860239,2.785273,573206.936441,38288034384.2656,404781.027445,4.513929,65.278750,2.719391,529239.726007,37382382001.0222,399965.100792,0.333333,0.753623,0.031394,39081.964830,431568157.167183,42974.745098,0.041666,0.041666,0.001735,4885.245603,23860739.458762,10104.866077,0.375000,1.027173,0.042790,43967.210433,588219098.831234,50171.625689
"T05","2010",23,771.862373,117248.182588,2.745268,93.100782,4.047066,321871.406556,55633397226.6190,489158.900431,15.521765,2682.620213,116.612781,1819863.247285,1603029237176.46,2625747.081349,0.088265,0.085523,0.003717,10348.739514,51105499.437212,14825.726636,2.612654,91.338105,3.970442,306323.066503,54580090081.0642,484506.149672,0.000000,0.000000,0.000000,0.000000,0.000000,0.000000,0.044347,0.045234,0.001966,5199.600538,27030542.268424,10782.253763,0.703367,5.962322,0.259180,82466.922679,3562851546.64552,123788.708866,6.235004,585.680128,25.459358,731028.694449,349979607516.462,1226884.104005,1.156873,16.466708,0.715803,135638.640824,9839862871.87072,205720.083912,2.469824,120.459415,5.236338,289576.751879,71981849516.7267,556408.390441,0.953260,5.898436,0.256403,111765.895945,3524675866.53183,123123.729524,1.214249,4.162399,0.180938,142365.795974,2487287780.32211,103429.681622,9.683639,1220.639152,53.060856,1135367.023685,729406361662.249,1771197.306562,1.737847,9.465563,0.411465,203755.507817,5656251866.76996,155971.963581,1.563934,7.247706,0.315055,183364.917471,4330946552.76782,136481.435536,0.086956,0.173913,0.007559,10195.295173,103923653.473374,21141.674046,0.086956,0.083003,0.003608,10195.295173,49599925.521382,14605.710286,0.173913,0.422924,0.018384,20390.590346,252723430.037522,32968.935385
"T05","2012",23,771.862373,117248.182588,0.000000,0.000000,0.000000,0.000000,0.000000,0.000000,17.840355,1591.538955,69.183771,2091708.456443,951041621944.006,2022469.271026,0.000000,0.000000,0.000000,0.000000,0.000000,0.000000,0.000000,0.000000,0.000000,0.000000,0.000000,0.000000,0.000000,0.000000,0.000000,0.000000,0.000000,0.000000,0.000000,0.000000,0.000000,0.000000,0.000000,0.000000,0.582541,4.819368,0.209496,68300.573914,2879866801.77872,111293.133533,0.257139,0.718189,0.031219,30148.493377,429162050.366623,42962.824507,5.682846,473.284752,20.573561,666290.440970,282816513779.337,1102895.975505,0.715018,2.116679,0.092011,83832.951527,1264845426.74582,73756.601451,2.312078,63.416866,2.756714,271081.677544,37895446584.4082,403715.742323,8.290732,214.065638,9.305375,972054.319109,127917278491.852,741731.588993,0.839680,8.938519,0.388555,98449.067292,5341310826.92627,151567.502874,9.524908,192.121931,8.351488,1116756.446163,114804574806.314,702686.754001,7.559878,107.198499,4.659890,886364.745311,64057643117.7185,524889.212791,1.921551,54.049349,2.349510,225294.053265,32297783787.1440,372707.842422,0.043478,0.043478,0.001889,5097.647586,25980913.368343,10570.837023,1.965030,53.918141,2.343807,230391.700851,32219378846.2188,372255.181447
"T06","1990",11,249.600000,37914.979910,4.956901,29.774635,2.705999,187937.155876,3889846424.46953,138965.974489,85.209050,11200.858348,1017.964429,3230636.383883,1463313275273.83,2695323.549969,1.259296,1.567844,0.142489,47745.270410,204827834.186325,31888.694217,3.515786,30.477802,2.769905,133298.387284,3981710239.30032,140597.330732,0.181818,0.363636,0.033048,6893.498181,47506530.455420,15357.442802,0.000000,0.000000,0.000000,0.000000,0.000000,0.000000,1.705794,3.865671,0.351322,64673.887232,505022754.603576,50072.321013,4.691304,30.833447,2.802227,177867.241865,4028172842.57929,141415.267120,4.775136,41.181202,3.742659,181045.665119,5380034139.31104,163431.123168,1.354635,2.014465,0.183080,51359.974077,263175746.939064,36146.410943,10.808333,702.076179,63.806590,409789.760728,91721309348.1618,674803.571523,56.916944,6425.303765,583.949058,2157962.698982,839420694809.869,2041418.685335,11.354000,121.406482,11.033750,430478.284974,15860902040.1749,280611.968937,106.772100,11257.630452,1023.124032,4048183.052741,1470730150914.71,2702145.606709,78.098533,12849.434961,1167.791549,2961046.538321,1678688201602.71,2886870.274194,3.875893,9.286642,0.843995,146951.555300,1213234448.18913,77609.451863,24.797673,1291.661054,117.389664,940184.959118,168746421830.001,915291.724873,28.673567,1299.388230,118.091931,1087136.514419,169755923053.130,918025.443068
"T06","1991",29,249.600000,37914.979910,3.555917,54.107010,1.864331,134819.897624,2679957740.51189,106042.570961,59.795970,9711.026134,334.606843,2267118.776869,480993856278.656,1420646.547308,0.722985,5.409595,0.186395,27411.431070,267941033.064449,33530.180345,2.698336,43.267185,1.490830,102305.387294,2143053684.49587,94827.172411,0.032840,0.031276,0.001077,1245.131034,1549165.477093,2549.559670,0.101754,0.161596,0.005568,3857.948225,8003992.379859,5795.215748,2.512124,49.354596,1.700580,95245.303077,2444567371.97226,101278.504775,4.754198,48.207024,1.661039,180251.841472,2387727332.49128,100094.137351,7.275991,314.539106,10.837880,275863.702634,15579339993.2153,255676.494483,1.339713,2.928686,0.100911,50794.237108,145059891.968807,24671.181621,18.403855,1839.211915,63.372591,697768.196401,91097441141.5165,618257.459030,21.954168,1189.025058,40.969503,832375.598550,58893235389.3164,497105.974064,10.822240,270.337849,9.314864,410317.042174,13390021108.7149,237031.959308,56.405317,6920.853715,238.467592,2138564.730071,342794682199.751,1199315.132881,39.338996,5496.079780,189.375034,1491508.168975,272224641480.543,1068759.511634,10.292315,167.357041,5.766518,390225.333153,8289310279.33223,186498.556042,6.774004,91.787608,3.162669,256831.227942,4546303887.81816,138116.481589,17.066320,308.647870,10.634889,647056.561095,15287542968.9832,253270.799291
"T06","1992",37,249.600000,37914.979910,1.796669,9.817650,0.265082,68119.342128,381053992.211589,39589.620197,47.357162,2303.349272,62.191932,1795510.811844,89400256071.4805,606397.579037,0.263646,0.399578,0.010788,9995.964716,15508912.600818,7986.909283,1.452817,8.774987,0.236930,55082.458013,340584969.600507,37428.361587,0.028153,0.029326,0.000791,1067.405405,1138242.440556,2163.741948,0.052052,0.048808,0.001317,1973.513993,1894395.161906,2791.408298,4.048847,27.204076,0.734527,153508.963891,1055876097.92795,65901.387252,4.338761,31.096574,0.839627,164500.843513,1206956210.45873,70458.571557,10.356425,389.657358,10.521002,392655.992459,15123832069.1627,249412.950843,2.500467,12.692695,0.342711,94803.322193,492643572.355956,45014.713231,8.439785,475.824607,12.847574,319988.054607,18468255018.4367,275613.831658,15.876206,216.453247,5.844378,601934.293049,8401233796.42463,185891.534637,10.184277,124.269530,3.355358,386129.149533,4823292766.92791,140850.985268,40.275657,1301.201622,35.133292,1527020.943003,50503742385.7347,455774.326417,17.597408,238.502683,6.439728,667192.385082,9257042004.57222,195130.067406,12.431810,505.831579,13.657782,471342.637482,19632920327.4314,284171.506387,10.246438,247.665949,6.687142,388485.920438,9612697279.67599,198843.184730,22.678248,949.684511,25.642101,859828.557920,36860253684.5124,389374.258813
"T06","1993",38,249.600000,37914.979910,3.196266,10.101544,0.265563,121184.023188,381745055.234869,39588.350104,31.750745,1212.024850,31.863423,1203805.373278,45803340313.5508,433639.932081,1.684196,6.124911,0.161020,63855.043549,231465047.066408,30826.442022,1.435421,3.728397,0.098017,54422.931606,140898987.962454,24051.082555,0.000000,0.000000,0.000000,0.000000,0.000000,0.000000,0.076647,0.121344,0.003190,2906.048032,4585687.243223,4338.932638,3.191909,24.930365,0.655404,121018.840514,942137469.521659,62192.473583,3.825857,16.261799,0.427513,145054.475478,614545769.218809,50229.378986,3.127478,25.376145,0.667124,118575.967239,958983817.471029,62746.041372,2.851045,13.113103,0.344735,108095.227442,495554160.915577,45105.162907,3.136837,52.485920,1.379824,118930.793854,1983482827.63006,90239.133117,12.421350,409.500573,10.765530,470946.045560,15475337927.5531,252058.160697,10.214034,83.667103,2.199559,387257.339182,3161843433.14110,113933.351429,20.180860,425.101929,11.175680,765141.982419,16064924994.8769,256814.797157,12.145188,322.193832,8.470287,460475.609746,12175949828.5994,223579.570299,1.551844,8.416109,0.221254,58836.998223,318051184.153957,36135.094982,6.483827,104.583261,2.749432,245829.374449,3952280921.83033,127380.982753,8.035671,109.227496,2.871526,304666.372672,4127790111.83814,130178.569646
"T06","1994",38,249.600000,37914.979910,1.464981,3.562908,0.093666,55543.669410,134645035.391663,23511.257857,29.290135,1510.552137,39.711531,1110513.228211,57084913378.7377,484107.003306,0.130546,0.329650,0.008666,4949.588606,12457734.094871,7151.550679,1.308885,3.533070,0.092882,49625.398126,133517417.634635,23412.600477,0.000000,0.000000,0.000000,0.000000,0.000000,0.000000,0.025549,0.024805,0.000652,968.682677,937405.679553,1961.753709,0.556389,1.093331,0.028743,21095.069863,41317830.186296,13024.151679,4.259609,24.243994,0.637360,161499.873673,916198963.200716,61330.370766,0.907644,3.620851,0.095190,34412.632611,136834736.659730,23701.665930,2.346350,7.475135,0.196516,88960.096869,282491069.697628,34055.170093,2.101717,16.367540,0.430293,79685.022171,618541792.171668,50392.420155,17.653442,1221.594266,32.114998,669316.863611,46164975803.4689,435348.445762,6.280980,38.157483,1.003137,238138.612947,1442000298.51627,76941.981634,24.368843,1652.244818,43.436549,923926.176934,62439587474.3169,506303.237846,18.474511,1494.954073,39.301467,700447.061396,56495450671.7838,481601.056416,0.846884,2.829004,0.074372,32108.996653,106910215.798315,20950.302363,5.047447,62.056995,1.631442,191370.118884,2345181044.02628,98122.562127,5.894331,74.243067,1.951806,223479.115537,2805701948.48380,107325.138864
"T06","1995",32,249.600000,37914.979910,0.654624,1.292724,0.040363,24819.595792,58022156.670197,15535.438102,14.051832,158.136104,4.937582,532764.544730,7097723426.00308,171824.903009,0.000000,0.000000,0.000000,0.000000,0.000000,0.000000,0.654624,1.292724,0.040363,24819.595792,58022156.670197,15535.438102,0.000000,0.000000,0.000000,0.000000,0.000000,0.000000,0.000000,0.000000,0.000000,0.000000,0.000000,0.000000,0.176929,0.196418,0.006132,6708.137774,8815998.876341,6055.671865,2.481338,11.175116,0.348927,94078.044594,501579861.262440,45676.899495,0.510732,1.547833,0.048328,19364.049303,69472382.988386,16999.363838,1.381674,2.646882,0.082645,52385.135374,118801705.995719,22229.920514,1.089738,3.657253,0.114192,41316.621284,164150841.866808,26130.524580,7.756794,113.539460,3.545113,294092.960606,5096063860.61618,145594.175741,3.312891,18.252142,0.569898,125605.778162,819222542.570600,58375.083984,9.361614,90.596206,2.828742,354938.490568,4066287198.63282,130054.563520,6.794352,75.759670,2.365491,257602.699356,3400369501.02272,118929.509395,0.900920,3.824574,0.119417,34157.729585,171660830.063648,26721.582567,1.666341,7.284487,0.227448,63178.061626,326954278.993814,36878.231311,2.567262,10.413499,0.325147,97335.791212,467395725.763718,44092.928032
"T06","1997",39,249.600000,37914.979910,0.298996,0.808923,0.020720,11336.206487,29785188.133165,11048.294616,9.558482,165.473147,4.238536,362402.586362,6092852680.31196,158017.581903,0.050061,0.047612,0.001219,1898.026666,1753145.791074,2680.427652,0.248934,0.485779,0.012443,9438.179820,17886803.992290,8561.728402,0.000000,0.000000,0.000000,0.000000,0.000000,0.000000,0.000000,0.000000,0.000000,0.000000,0.000000,0.000000,0.274713,0.299545,0.007672,10415.560523,11029510.038970,6723.155916,0.629509,2.851732,0.073046,23867.362466,105003065.482533,20744.169959,0.915052,1.754189,0.044932,34693.515751,64590656.362425,16269.714118,0.433097,0.635915,0.016288,16420.546757,23414931.764495,9795.836350,1.475871,7.759877,0.198766,55956.544145,285724836.421160,34219.138322,5.531242,96.685745,2.476571,209712.850230,3560045939.21059,120787.745160,1.203218,7.600296,0.194678,45619.129477,279848962.125689,33865.455644,8.530898,168.148452,4.307063,323442.548696,6191359554.63614,159289.843591,5.901154,79.950263,2.047898,223737.770760,2943832187.13834,109837.742351,1.731633,24.953082,0.639164,65653.578840,918792310.858792,61362.599447,0.898111,4.652678,0.119176,34051.199095,171315329.679280,26496.785262,2.629744,32.658998,0.836548,99704.777935,1202530247.13729,70200.964242
"T06","1999",40,249.600000,37914.979910,0.096994,0.086982,0.002172,3677.463248,3122617.694735,3574.282946,4.554634,28.339082,0.707729,172685.517441,1017353986.56617,64515.722686,0.000000,0.000000,0.000000,0.000000,0.000000,0.000000,0.072484,0.066597,0.001663,2748.192660,2390811.585332,3127.535130,0.000000,0.000000,0.000000,0.000000,0.000000,0.000000,0.024509,0.024029,0.000600,929.270588,862632.794341,1878.635406,0.026315,0.027700,0.000691,997.743157,994441.173665,2017.061172,0.416576,0.836550,0.020891,15794.170110,30031592.536654,11084.566221,0.076903,0.074925,0.001871,2915.734859,2689777.213424,3317.322359,0.649221,1.026299,0.025630,24614.735146,36843443.228314,12277.491049,0.203539,0.280422,0.007003,7717.050364,10066966.939191,6417.691580,3.085084,19.259705,0.480984,116968.620553,691410465.857803,53186.020354,0.539886,1.241287,0.030999,20469.376517,44561380.700878,13502.333797,3.434888,17.187016,0.429222,130231.201895,617002331.037613,50242.694596,2.833859,15.090383,0.376861,107443.614418,541734597.164424,47078.520583,0.000000,0.000000,0.000000,0.000000,0.000000,0.000000,0.601029,1.249941,0.031215,22787.587477,44872063.174708,13549.321256,0.601029,1.249941,0.031215,22787.587477,44872063.174708,13549.321256
"T06","2001",40,249.600000,37914.979910,0.174762,0.301533,0.007530,6625.980891,10824841.670356,6654.881050,54.336013,4191.430801,104.675221,2060108.666980,150469542293.456,784609.967166,0.099509,0.245258,0.006124,3772.838588,8804614.235099,6001.843780,0.075252,0.071635,0.001788,2853.142303,2571667.895511,3243.672228,0.000000,0.000000,0.000000,0.000000,0.000000,0.000000,0.000000,0.000000,0.000000,0.000000,0.000000,0.000000,0.799199,3.906220,0.097552,30301.040954,140230700.508744,23952.512342,0.760722,1.965687,0.049090,28842.228805,70566860.916761,16991.429592,4.762847,150.796385,3.765932,180579.747564,5413488667.38022,148822.342735,1.120082,3.911648,0.097688,42467.087258,140425555.734912,23969.147971,10.739266,390.005879,9.739860,407171.129223,14000948369.8774,239336.120952,35.979132,1545.123300,38.587330,1364121.452281,55468885632.5780,476380.791182,1.734684,10.922010,0.272762,65769.250651,392092833.906528,40051.978406,59.751687,4027.934331,100.592122,2265439.811491,144600129165.186,769154.988895,43.118241,2101.017305,52.470018,1634795.348235,75425105959.0596,555504.377129,12.715394,474.598741,11.852451,482094.523761,17037775114.6444,264019.474105,3.918051,53.353246,1.332423,148549.939494,1915345597.31843,88522.382637,16.633445,733.595272,18.320533,630644.463255,26335576094.6370,328247.126089
"T06","2003",40,249.600000,37914.979910,0.418888,2.198324,0.054900,15881.841090,78918372.346293,17968.779552,24.142187,882.563614,22.040812,915332.697929,31683439244.4281,360035.794353,0.147077,0.270757,0.006761,5576.343506,9720021.237466,6306.133025,0.271810,2.009571,0.050186,10305.497584,72142267.381402,17180.049655,0.000000,0.000000,0.000000,0.000000,0.000000,0.000000,0.000000,0.000000,0.000000,0.000000,0.000000,0.000000,1.011016,5.859982,0.146345,38331.919571,210369415.414366,29337.345867,1.488260,22.982806,0.573963,56426.276696,825067257.184459,58099.741096,2.624029,24.984390,0.623950,99488.102060,896922786.351303,60576.900678,2.543623,22.555325,0.563288,96439.564822,809720974.118247,57556.876199,2.991591,25.181745,0.628879,113423.932667,904007708.886434,60815.682902,13.064776,528.228467,13.191779,495341.061020,18963046139.0024,278537.434864,2.918165,58.076093,1.450370,110640.037359,2084892636.02689,92357.329860,24.825562,1052.624875,26.287859,941242.321734,37788523966.3994,393196.356759,11.202550,340.850180,8.512264,424736.180063,12236291878.6719,223745.564564,4.214324,98.415644,2.457795,159782.904840,3533055342.54054,120227.755940,9.408687,547.025285,13.661204,356723.236831,19637839254.5392,283449.941214,13.623011,752.976145,18.804544,516506.141671,27031336404.9443,332554.845059
"T06","2005",40,249.600000,37914.979910,0.763295,4.511988,0.112680,28939.773148,161977337.516115,25742.851348,17.123494,579.096116,14.462129,649224.276192,20789160480.8602,291640.609198,0.471876,1.731899,0.043251,17890.837861,62174030.557058,15949.021078,0.266419,1.220142,0.030471,10101.079287,43802309.129419,13386.838491,0.025000,0.025000,0.000624,947.856000,897483.159233,1916.208114,0.000000,0.000000,0.000000,0.000000,0.000000,0.000000,1.322629,10.119369,0.252717,50146.475180,363278551.649704,38552.220705,1.775164,17.522672,0.437604,67304.016998,629052149.925934,50730.932625,2.164177,28.852217,0.720544,82053.144727,1035775156.20207,65097.193554,1.596120,17.267388,0.431229,60515.689604,619887630.606957,50360.033005,2.124876,22.524262,0.562512,80563.070545,808605839.780377,57517.229355,7.377230,210.797570,5.264379,279702.105987,7567490783.27040,175956.563401,3.861089,55.554672,1.387401,146390.265327,1994375335.77652,90330.199248,16.040596,551.614657,13.775817,608167.024804,19802594615.2932,284636.486130,9.220838,310.661454,7.758342,349601.073237,11152536955.1475,213607.430732,3.200071,50.260213,1.255179,121328.274496,1804307802.45471,85918.133633,3.619686,51.387487,1.283331,137237.677070,1844776184.22407,86876.309236,6.819758,135.957055,3.395340,258565.951566,4880766712.35854,141310.211328
"T06","2007",32,249.600000,37914.979910,0.468137,1.093835,0.034153,17749.075205,49095312.807595,14290.472448,37.257636,958.600752,29.930990,1412594.956980,43025487567.3134,423047.829788,0.187190,0.221258,0.006908,7097.189108,9930874.984804,6427.178012,0.280946,0.916635,0.028620,10651.886096,41141922.277651,13081.840838,0.000000,0.000000,0.000000,0.000000,0.000000,0.000000,0.000000,0.000000,0.000000,0.000000,0.000000,0.000000,3.130822,26.439562,0.825538,118702.751878,1186703717.62290,70258.313829,2.827031,30.426728,0.950032,107184.755856,1365662204.38109,75369.948121,3.169794,23.535748,0.734871,120180.342194,1056369976.71117,66287.951167,2.627015,7.940314,0.247925,99601.295036,356390201.861921,38502.546057,5.322995,29.457164,0.919759,201817.326356,1322144665.79310,74159.374799,19.711839,582.889255,18.199915,747359.410451,26162189365.4021,329885.793924,6.425991,101.735385,3.176547,243636.582941,4566254030.62297,137818.210186,38.847043,1439.468404,44.945421,1472856.111825,64608576403.3756,518407.954967,20.068149,553.312485,17.276421,760868.636341,24834676363.8804,321407.364495,6.226030,114.663786,3.580219,236055.213966,5146527673.82680,146313.273654,12.552863,411.756375,12.856526,475932.261517,18481123410.3188,277262.257378,18.778893,775.407210,24.211024,711987.475484,34803095240.7657,380483.218148
"T06","2009",43,249.600000,37914.979910,1.156183,6.842647,0.158950,43835.816194,228490225.984580,30505.107043,56.869420,5742.597544,133.397320,2156160.873826,191757259818.219,883719.925384,0.884891,3.828250,0.088928,33549.994305,127833244.205925,22817.110470,0.271291,0.589239,0.013687,10285.821888,19675935.599632,8951.718895,0.000000,0.000000,0.000000,0.000000,0.000000,0.000000,0.000000,0.000000,0.000000,0.000000,0.000000,0.000000,6.219716,103.141075,2.395909,235815.836861,3444094747.46129,118433.969313,2.673014,13.751264,0.319434,101345.295156,459183288.387696,43244.589271,5.011266,56.799841,1.319428,189998.353105,1896664675.74013,87888.897696,1.752917,4.868686,0.113096,66460.527666,162575549.985240,25731.574166,13.425795,939.186087,21.816766,509028.835540,31361374215.8776,357384.968294,26.630527,1888.709721,43.873667,1009676.209302,63067940604.4472,506807.536736,10.048914,196.410882,4.562514,380996.948211,6558567331.69923,163434.308713,48.037664,3754.322095,87.210796,1821311.531383,125364612765.540,714539.466604,20.338130,1480.624561,34.394078,771104.762221,49441129469.2087,448727.753781,14.058863,847.265011,19.681491,533031.132828,28291938584.3111,339445.529203,13.640670,914.523443,21.243866,517175.636333,30537837309.6975,352661.360182,27.699533,2849.802323,66.199309,1050206.769162,95160818840.4234,622540.807805
"T06","2011",43,249.600000,37914.979910,4.916937,56.591184,1.314581,186421.950955,1889697187.67403,87727.317139,70.878152,22083.856079,512.995591,2687291.301995,737425824359.834,1732997.398856,2.327212,19.092303,0.443503,88234.501125,637531658.360315,50955.329882,2.589724,31.715704,0.736738,98187.449829,1059053265.16258,65674.631016,0.000000,0.000000,0.000000,0.000000,0.000000,0.000000,0.000000,0.000000,0.000000,0.000000,0.000000,0.000000,11.252751,975.053461,22.649945,426639.532799,32559060332.2860,364145.268144,3.909146,31.915846,0.741387,148212.310617,1065736418.07224,65881.524924,12.283969,2817.784414,65.455551,465737.374476,94091674343.3436,619033.764935,1.898209,6.577282,0.152786,71969.168292,219629139.472743,29907.748482,10.649177,1692.185607,39.308522,403755.477920,56505592224.1830,479716.277738,25.967960,3725.427858,86.539599,984555.486933,124399774199.491,711784.515155,20.078835,1372.684392,31.886688,761273.794372,45836783033.6324,432061.734364,44.581887,5129.757081,119.161379,1690288.399961,171293243836.662,835235.330241,27.317974,3928.119326,91.248008,1035740.233194,131168063330.843,730891.300765,2.322111,40.705609,0.945568,88041.088532,1359244833.97459,74402.509711,14.941802,994.604188,23.104097,566507.078234,33211899717.5729,367777.874572,17.263913,1121.263939,26.046332,654548.166767,37441331875.3633,390494.017103
"T06","2013",43,249.600000,37914.979910,4.879235,41.119817,0.955190,184992.503108,1373076104.24472,74780.100460,209.630626,39992.890683,929.012420,7947985.874272,1335445688192.32,2332125.162414,1.499898,5.765790,0.133936,56867.510701,192531717.240019,28002.053556,3.197434,21.439813,0.498034,121228.311010,715919889.292275,53997.164362,0.023238,0.023220,0.000539,881.065712,775396.401240,1777.054020,0.158663,0.217051,0.005041,6015.615683,7247812.247766,5433.031299,3.545692,20.516565,0.476588,134432.244560,685090732.489980,52821.750073,4.954132,49.409625,1.147757,187832.174631,1649890009.43363,81972.133007,9.458347,142.262175,3.304670,358606.061996,4750429520.32649,139092.969573,1.862323,5.031157,0.116870,70608.566168,168000814.266412,26157.391527,27.027325,1919.754278,44.594815,1024720.517320,64104582829.7544,510955.735899,157.903568,36351.826497,844.432541,5986793.806486,1213862992256.34,2223430.583863,13.379060,185.244917,4.303135,507256.922300,6185712551.29242,158720.713448,189.827580,36023.968960,836.816595,7197168.432356,1202915148113.03,2213381.301021,160.976281,32493.939334,754.815986,6103293.384651,1085040126761.37,2102140.015859,14.186562,589.067596,13.683709,537872.751428,19670190599.3628,283036.877080,14.664735,1157.915539,26.897728,556002.296276,38665204934.6633,396824.883910,28.851298,2697.663251,62.665204,1093875.047704,90080579226.8187,605695.468790
"T06","2014",41,249.600000,37914.979910,3.558782,44.946821,1.095078,134928.543656,1574163906.39750,80187.649734,61.656304,2928.994189,71.361631,2337651.925203,102581602077.682,647317.351011,1.325433,9.676252,0.235750,50252.811709,338889550.689558,37205.881500,2.030582,15.775533,0.384353,76988.003254,552503476.532552,47506.169838,0.106945,0.230273,0.005610,4054.764785,8064835.897429,5739.582158,0.095820,0.087088,0.002121,3632.963906,3050091.605738,3529.709396,5.176051,52.616941,1.281952,196246.068657,1842793047.81543,86760.249463,3.512965,22.052950,0.537295,133191.429865,772356243.891244,56168.307860,9.451969,134.586957,3.279059,358364.253440,4713613219.18318,138758.463149,1.652285,5.311665,0.129412,62645.158962,186029449.887009,27565.975156,16.734479,756.318762,18.426851,634475.086779,26488407044.5153,328935.260297,21.569768,688.996961,16.786631,817801.383841,24130608506.3929,313954.452338,12.247800,230.060377,5.605160,464366.042179,8057360493.11981,181417.386790,48.087415,1749.670065,42.628732,1823197.827394,61278359345.9872,500306.417923,26.681045,976.025682,23.779761,1011591.559290,34183160403.4157,373670.330347,11.779338,344.686604,8.397899,446604.661513,12071892894.3217,222059.928836,9.627032,442.374931,10.777964,365001.606590,15493212417.2210,251566.754630,21.406370,1012.323547,24.664118,811606.268104,35454413565.6516,380555.201787
"T06","2015",43,249.600000,37914.979910,2.711098,16.102987,0.374063,102789.253918,537712207.247250,46796.533955,55.176045,5721.929645,132.917216,2091957.825493,191067115749.869,882128.215597,1.513511,7.028803,0.163275,57383.642995,234706336.693170,30917.270606,1.105552,3.599557,0.083615,41916.169696,120196708.725123,22125.089062,0.092035,0.084855,0.001971,3489.441227,2833501.945131,3397.038721,0.000000,0.000000,0.000000,0.000000,0.000000,0.000000,6.047063,51.528065,1.196968,229269.812626,1720629137.87002,83710.970369,1.924882,8.790293,0.204193,72980.452508,293526167.285768,34574.997039,14.968249,675.117294,15.682596,567509.790483,22543568720.8174,303005.194209,1.108648,6.344903,0.147388,42033.557762,211869492.590260,29374.667061,12.299615,864.848456,20.089944,466330.591309,28879086327.9179,342949.729121,16.116487,1080.341376,25.095724,611044.366884,36074842496.7139,383301.890708,10.683044,128.481261,2.984547,405039.519053,4290256196.00466,132184.445416,28.781495,1014.610752,23.568838,1091228.529554,33879960440.9366,371458.402754,10.559492,321.926782,7.478178,400355.130312,10749803945.8927,209237.253881,12.984445,382.223991,8.878848,492295.390358,12763252992.9653,227991.905663,5.237557,118.953712,2.763228,198578.008883,3972111530.50316,127188.971899,18.222003,654.367184,15.200582,690873.399241,21850679466.6561,298312.335915
"T06","2017",43,249.600000,37914.979910,3.942610,36.151765,0.839785,149481.088627,1207182540.08560,70117.304520,30.126507,620.568320,14.415454,1142223.619887,20722065180.5364,290506.100888,2.581397,13.390527,0.311054,97871.739755,447137534.009429,42673.602092,1.337393,12.768902,0.296614,50706.241432,426380174.601612,41671.318430,0.000000,0.000000,0.000000,0.000000,0.000000,0.000000,0.023819,0.024397,0.000566,903.107439,814678.058659,1821.510795,8.916459,30.242787,0.702522,338060.780851,1009869494.48220,64131.495346,2.803942,7.926037,0.184117,106309.367736,264666868.046693,32831.333958,5.560833,58.290259,1.354050,210834.778671,1946432825.58595,89034.525752,1.127901,2.033307,0.047232,42763.527350,67896367.264856,16628.842076,1.985492,27.359655,0.635549,75278.449587,913595713.864039,60998.023985,5.789266,117.497228,2.729394,219495.627063,3923476521.55881,126407.915201,15.663013,123.964778,2.879632,593851.237215,4139441431.08133,129840.330041,24.778570,745.072201,17.307609,939460.687669,24879508380.7811,318316.856182,9.879082,377.002919,8.757566,374557.919851,12588910550.1710,226429.398841,5.786317,70.441489,1.636316,219383.847660,2352187634.32089,97875.663900,9.113170,179.457746,4.168702,345518.920157,5992466913.39737,156221.772882,14.899488,288.387491,6.699079,564902.767818,9629857340.26724,198038.061409
